<?xml version="1.0" encoding="UTF-8"?>
<!DOCTYPE mapper
PUBLIC "-//mybatis.org/DTD Mapper 3.0//EN"
"http://mybatis.org/dtd/mybatis-3-mapper.dtd">
<mapper namespace="com.dao.ReceiptDao">
	


	<insert id="insert" parameterType="receipt">
		INSERT INTO RECEIPT VALUES (RECEIPT_SEQ.NEXTVAL,#{tab_id},SYSDATE,#{payment},#{total})
			<selectKey keyProperty="id" resultType="String" order="AFTER">
			SELECT RECEIPT_SEQ.CURRVAL FROM DUAL
		</selectKey>
	</insert>
	
	<update id="update" parameterType="receipt">
		UPDATE RECEIPT SET TAB_ID=#{tab_id},SYSDATE,PAYMENT=#{payment},TOTAL=#{total} WHERE ID=#{id}
	</update>
	
	<delete id="delete" parameterType="String">
		DELETE FROM RECEIPT WHERE ID=#{k}
	</delete>
		
	<select id="select" parameterType="String" 
	resultType="receipt">
		SELECT * FROM RECEIPT WHERE ID =#{k}
	</select>
	
	<select id="selectall" resultType="receipt">
		SELECT * FROM RECEIPT
	</select>
		
	<select id="getreceiptid" parameterType="String" resultType="String" >
		<![CDATA[SELECT RECEIPT_SEQ.nextval, RECEIPT_SEQ.CURRVAL FROM DUAL]]>
	</select>
	
	
</mapper>






















