<?xml version="1.0" encoding="UTF-8"?>
<!DOCTYPE configuration
PUBLIC "-//mybatis.org/DTD Config 3.0//EN"
"http://mybatis.org/dtd/mybatis-3-config.dtd">
<configuration>
	<typeAliases>
		<typeAlias type="com.vo.User" alias="user"/>
	    <typeAlias type="com.vo.Product" alias="product"/>
	</typeAliases>
	
	<mappers>
		<mapper resource="com/mybatis/usermapper.xml"/>
		<mapper resource="com/mybatis/productmapper.xml"/>
		<mapper resource="com/mybatis/searchmapper.xml"/>
	</mappers>
</configuration>






