<?xml version="1.0" encoding="UTF-8"?>

<!DOCTYPE mapper
PUBLIC "-//mybatis.org/DTD Mapper 3.0//EN"
"http://mybatis.org/dtd/mybatis-3-mapper.dtd">
<mapper namespace="com.dao.InterestDao">
		
	<insert id="insert" parameterType="interest">

	</insert>
	
	
	<update id="update" parameterType="interest">
		UPDATE INTEREST SET HTML=#{data} WHERE NAME=#{gender}
	</update>
	
	<!-- FCM 업데이트로 사용 -->
	<update id="updateinterest" parameterType="interest">
		UPDATE INTEREST SET HTML=#{data} WHERE ID=#{gender}
	</update>

	
	<delete id="delete" parameterType="interest">

	</delete>
	
	<select id="select" parameterType="String" resultType="interest">

	</select>
	
	<select id="selectall" resultType="interest">
		SELECT * FROM IOT
	</select>
	

</mapper>