<?xml version="1.0" encoding="UTF-8"?>

<!DOCTYPE mapper
PUBLIC "-//mybatis.org/DTD Mapper 3.0//EN"
"http://mybatis.org/dtd/mybatis-3-mapper.dtd">
<mapper namespace="com.dao.IotDao">
		
	<insert id="insert" parameterType="orders">

	</insert>
	
	
	<update id="update" parameterType="iot">
		UPDATE INTEREST SET HTML=#{data} WHERE ID=#{gender}
	</update>
	
	<!-- FCM 업데이트로 사용 -->
	<update id="updateinterest" parameterType="iot">
		UPDATE INTEREST SET HTML=#{data} WHERE ID=#{gender}
	</update>
	
	<update id="updatedoor" parameterType="iot">
		UPDATE IOT SET DOOR=#{k}
	</update>
	
	<update id="updatelight" parameterType="iot">
		UPDATE IOT SET LIGHT=#{k}
	</update>
	
		<update id="updatetemp" parameterType="iot">
		UPDATE IOT SET TEMPERATURE=#{k}
	</update>
	
	<delete id="delete" parameterType="iot">
	
	</delete>
	
	<select id="select" parameterType="String" resultType="iot">
	
	</select>
	
	<select id="selectall" resultType="iot">
	
	</select>
	

</mapper>